logging,,
logs,,
transaction-log,not enough information,
log-shipping,,
binary-log,,
binlog,,
bin-log,,
log,,
error-logging,,
error-log,,
mysqlbinlog,,
logparser,,
archive-log,,
unlogged-tables,,
logfiles,,
logfile,,
logfile-analysis,,
log-analysis,,
log-files,,
syslog,,
logparser,,
logwatch,not enough information,
window-event-log,,
cronolog,not enough information,
centralized-logging,not enough information,
graylog,,
mcelog,codes are built in c but could not conclude of which programming language,
nslog,,
nxlog,not enough information,
logserver,,
graylog2,,
rsyslog,could not conclude anything ,
syslog-ng,could not conclude anything ,
syslogd,could not conclude anything ,
eventlog-source,could not conclude anything ,
log-analysis,could not conclude anything ,
iis-logs,could not conclude anything ,
event-log,,
exception-logging,,
transactionloganalysis,,
logged,not enough information,
truncate-log,,
java.util.logging,,
dyalog,,
git-log,not enough information,
logcat,,
log4php,,
log-viewer,,
loginfo,not enough information,
monolog,,
unified-log,,
general-log,written in python but couldn't conclude,
auth.log,,
Log4J,,
SLF4J,,
tinylog,,
logback,,
Log4C,,
sclog4c,,
syslog,,
zlog,,
zf_log,,
glog,,
log4cplus,,
pantheios,,
boost::log,,
easylogging++,,
log4cxx,,
pygogo,,
logbook,,
log4net,,
Nlog,,
Enterprise Library,,
Common.Logging,,
js-logging,,
Log4js,,
log4javascipt,,
JSNLog,,
xlog,,
timber,,
hugo,,
frodo,,
loglifecycle,,
debugoverlay,,
lynx,,
androlog,,
slf4jandroid,,
SLF4J-Android,,
Log4JAndroid,,
Log4J-Android,,
Android Logger,,
LOGBack,,
boost,,
boost-log,,
boost-logger,,
boost::log,,
enterprise-library,microsoft library,
enterprise-library-5,microsoft library,
enterprise-library-6,microsoft library,
error-logging,,
apache-commons-logging,,
audit-logging,not enough information,
google-cloud-logging,,
common-logging,,
jboss-logging,,
semantic-logging,microsoft library,
logging-application-block,,
django-logging,,
ms-extension-logging,,
scala-logging,built-in java for scala,
iis-advanced-logging,for windows,
libcomponentlogging,for objective -c,
entlib-logging,,
kotlin-logging,,
hugo-logging,,
ninject-logging,not enough information,
.net-core-logging,for ASP.net,
ms.extensions.logging,for microsoft,
powershell-logging,For Net core,
java-util-logging,,
syslog4j,,
sys-log,,
ms-extensions-logging,,
nslogger,,
get-eventlog,,
custom-eventlog,,
stay-logged-in,,
android-logcat,,
otroslogviewer,,
fusion-log-viewer,,
log4j,,
log4j2,,
log4js-node,,
log4jdbc,,
gwt-log4j,not enough information,
log4jna,,
slf4j,,
slf4j-api,,
jul-to-slf4j,,
slf4j-android,,
logback-groovy,built in java but couldn't conclude,
logstash-logback-encoder,,not enough information
logback-classic,built in java but couldn't conclude,
log4c,,
log4cpp,,
logstash,not enough information,
hyperloglog,,
loglog,,
xcglogger,,
hg-log,not enough information,
log4net-configuration,,
log4net-appender,,
log4net-filter,,
transactionlog,not enough information,
winlogon,,
jsnlog,,
nlog-configuration,,
jxloginpane,built in java but couldn't conclude,
timber-android,,
enterprise-library-4.1,,
logback-android,,
boost.log,,
spdlog,,
loglevel,,
log-level,,
hyperloglog.java,,
hyperloglog.python,,
logsene-android,,
logsene-js,,